ref_name,rx_name,ab_name
Planas22b,Bebtelovimab,Bebtelovimab
Planas22b,Sotrovimab,Sotrovimab
Planas22b,Cilgavimab,Cilgavimab
Planas22b,Tixagevimab,Tixagevimab
Planas22b,Evusheld,Cilgavimab
Planas22b,Evusheld,Tixagevimab
Planas22b,Casirivimab,Casirivimab
Planas22b,Imdevimab,Imdevimab
Planas22b,Ronapreve,Casirivimab
Planas22b,Ronapreve,Imdevimab
