ref_name,rx_name,ab_name
Takashita22c,Imdevimab,Imdevimab
Takashita22c,Casirivimab,Casirivimab
Takashita22c,Tixagevimab,Tixagevimab
Takashita22c,Cilgavimab,Cilgavimab
Takashita22c,Sotrovimab,Sotrovimab
Takashita22c,Bebtelovimab,Bebtelovimab
Takashita22c,Imdevimab+Casirivimab,Imdevimab
Takashita22c,Imdevimab+Casirivimab,Casirivimab
Takashita22c,Tixagevimab+Cilgavimab,Tixagevimab
Takashita22c,Tixagevimab+Cilgavimab,Cilgavimab