ref_name,rx_name,ab_name
Yamasoba23,Bebtelovimab,Bebtelovimab
Yamasoba23,Casirivimab,Casirivimab
Yamasoba23,Cilgavimab,Cilgavimab
Yamasoba23,Imdevimab,Imdevimab
Yamasoba23,Sotrovimab,Sotrovimab
Yamasoba23,Tixagevimab,Tixagevimab
Yamasoba23,Ronapreve,Casirivimab
Yamasoba23,Ronapreve,Imdevimab
Yamasoba23,Evusheld,Cilgavimab
Yamasoba23,Evusheld,Tixagevimab
